,col_0,col_1,col_2,col_3,col_4,col_5,col_6,col_7,col_8,col_9,target
index_0,0.0,4.6,8.0,0.0,0.0,0.3,0.2,0.0,0.1,0.0,0
index_1,0.0,0.0,0.0,0.5,1.5,2.7,5.4,0.5,0.1,8.7,0
index_2,5.1,2.4,2.1,0.3,3.8,1.8,22.2,24.3,0.4,0.0,1
index_3,0.0,0.0,5.5,0.8,6.1,0.7,15.3,36.5,2.2,2.0,1
index_4,1.8,29.2,2.8,7.6,11.8,4.1,5.7,1.1,6.3,1.3,1
index_5,0.0,9.5,2.1,1.1,0.0,9.9,4.5,0.0,14.9,1.4,0
index_6,12.7,11.8,1.4,0.0,10.9,7.9,3.8,7.6,12.0,2.2,1
index_7,6.1,8.2,0.0,2.8,14.2,1.9,15.4,1.4,8.9,13.0,1
index_8,1.4,2.6,5.2,0.0,5.8,1.2,1.0,12.3,14.8,2.1,0
index_9,0.0,9.8,4.9,4.1,1.7,2.1,23.9,36.5,3.1,1.1,1
index_10,0.0,25.9,4.3,7.0,14.3,4.6,8.3,17.5,2.4,7.6,1
index_11,2.4,2.7,5.4,0.7,17.2,4.7,0.0,19.4,3.1,1.1,1
index_12,13.6,2.3,4.7,0.0,2.4,15.3,1.8,1.0,4.8,6.4,0
index_13,11.6,2.7,7.6,11.7,5.2,5.3,0.0,3.3,1.2,1.3,0
index_14,0.0,0.0,9.9,0.0,0.0,0.0,7.9,4.2,3.6,0.0,0
index_15,2.7,4.8,5.2,7.5,0.0,0.0,0.0,0.0,0.0,0.0,0
index_16,2.5,7.8,14.4,8.9,4.9,4.9,1.1,5.9,1.2,15.4,1
index_17,9.9,2.3,0.0,1.0,2.7,2.8,14.2,0.0,1.2,9.2,0
index_18,4.2,0.0,7.3,7.1,2.6,1.1,1.6,0.0,4.2,1.1,0
index_19,3.7,9.6,5.2,2.2,1.4,5.3,3.2,4.5,0.0,2.2,0
index_20,6.7,3.5,4.4,6.2,0.0,1.3,1.2,0.0,1.0,0.0,0
index_21,0.0,4.2,6.6,1.3,2.4,1.3,10.2,3.2,2.1,1.3,0
index_22,1.2,4.6,0.0,12.4,13.6,4.3,2.2,0.0,9.0,11.0,1
index_23,2.0,0.0,2.1,1.0,0.0,1.2,0.0,7.6,5.4,2.4,0
index_24,4.0,4.8,19.3,9.7,1.0,1.8,5.4,20.0,15.4,5.6,1
index_25,4.5,14.7,0.0,0.0,0.0,0.0,0.0,0.0,0.0,1.2,0
index_26,11.1,5.8,2.4,24.0,1.1,2.6,3.1,5.8,0.0,2.1,1
index_27,0.6,0.0,5.3,2.5,2.1,2.3,3.7,6.4,2.1,9.3,0
index_28,0.0,0.0,0.0,0.0,0.0,0.0,1.2,2.1,1.1,0.0,0
index_29,1.6,1.1,21.0,9.9,22.4,1.0,4.0,2.5,7.1,1.5,1
index_30,4.5,0.0,1.5,3.4,3.8,0.0,14.3,1.2,1.1,2.2,0
index_31,6.4,1.4,1.2,1.1,4.5,3.8,2.1,0.8,5.5,0.0,0
index_32,0.0,0.5,0.0,0.0,0.0,0.5,0.0,0.0,0.0,0.0,0
index_33,0.0,0.0,0.0,1.4,1.5,43.5,6.1,0.0,0.0,0.0,0
index_34,0.0,0.0,0.0,0.0,0.0,0.0,0.0,0.0,0.0,0.0,0
index_35,0.0,0.0,2.0,14.0,0.0,12.2,3.4,3.1,2.2,0.0,0
index_36,0.0,0.0,0.0,0.0,0.0,0.0,0.0,0.0,0.0,0.0,0
index_37,0.0,0.0,0.0,11.9,0.0,0.0,12.2,2.3,4.8,9.1,0
index_38,14.5,1.4,5.1,8.2,9.1,0.0,1.1,0.0,0.0,0.5,0
index_39,0.0,0.0,0.0,0.0,0.0,0.0,1.1,1.0,4.8,11.4,0
index_40,1.1,6.0,2.3,8.9,0.0,1.0,0.0,0.0,0.0,0.0,0
index_41,0.0,1.9,0.0,0.0,0.0,6.7,1.0,0.0,0.0,5.3,0
index_42,15.4,0.0,0.0,0.0,0.0,1.3,14.3,2.6,0.0,2.1,0
index_43,0.0,0.0,0.0,0.0,0.0,5.0,1.5,2.0,0.0,0.0,0
index_44,0.0,17.5,18.1,18.6,4.2,3.3,0.6,0.0,22.0,5.7,1
index_45,7.5,4.1,0.0,5.1,5.2,11.2,2.2,2.3,0.0,10.7,0
index_46,0.4,0.0,0.0,0.0,2.6,0.9,0.0,9.0,17.1,5.4,0
index_47,7.9,0.0,0.0,0.0,0.0,0.0,2.1,0.0,7.6,19.7,0
index_48,5.2,1.1,3.4,2.3,0.0,4.5,1.5,0.0,0.0,5.5,0
index_49,0.0,0.0,0.0,0.0,0.5,19.3,0.0,1.8,4.4,0.0,0
index_50,7.9,1.1,0.0,1.3,5.2,6.8,9.6,1.0,1.5,0.0,0
index_51,0.0,1.7,5.6,4.5,0.6,0.0,3.1,0.6,3.5,5.7,0
index_52,21.1,13.2,2.3,0.0,0.0,2.2,4.9,0.0,10.2,1.0,0
index_53,0.0,22.7,14.5,4.2,3.8,6.4,5.1,6.8,0.0,9.5,1
index_54,9.3,2.0,0.0,3.2,0.0,0.0,0.0,1.0,3.0,1.9,0
index_55,1.7,4.5,4.5,5.0,13.2,9.5,0.0,0.0,4.7,0.7,0
index_56,1.0,4.4,1.7,1.3,10.5,5.4,15.8,0.0,10.5,2.5,0
index_57,11.3,12.2,3.0,17.7,6.9,10.0,13.9,1.0,11.1,13.5,1
index_58,2.3,8.6,3.6,1.0,2.5,1.0,12.2,18.9,4.1,0.7,0
index_59,0.6,9.2,1.4,1.6,12.1,5.6,0.0,4.2,1.0,7.9,0
index_60,2.0,0.0,0.0,2.7,1.7,2.7,1.9,2.4,14.1,7.0,0
index_61,3.9,6.1,1.2,0.0,6.1,0.0,0.0,0.0,0.0,11.2,0
index_62,0.0,0.0,4.3,0.0,3.0,0.0,0.0,0.0,0.0,0.0,0
index_63,0.0,0.0,0.9,0.0,0.0,0.0,0.0,0.0,0.0,1.8,0
index_64,9.7,2.2,3.3,2.3,20.6,5.7,0.0,0.0,0.0,0.0,0
index_65,0.0,0.0,0.0,0.8,2.4,0.0,11.2,5.1,2.3,3.1,0
index_66,0.0,3.4,0.0,0.0,0.0,0.0,0.0,0.0,0.0,0.0,0
index_67,0.0,0.0,0.0,12.1,2.6,0.0,0.0,0.0,4.4,4.6,0
index_68,0.0,0.0,0.0,0.0,0.0,0.0,0.0,3.5,0.0,11.0,0
index_69,2.7,1.0,0.0,2.5,0.0,0.0,0.0,0.0,0.0,0.0,0
index_70,8.6,6.2,1.0,0.0,13.2,10.0,5.7,3.2,0.0,2.5,0
index_71,0.0,0.0,0.0,0.0,0.0,0.0,0.0,0.0,0.0,0.0,0
index_72,0.0,0.0,0.0,0.0,0.0,0.0,2.3,1.0,12.7,15.4,0
index_73,3.8,2.9,0.0,4.0,10.0,0.0,0.0,11.0,0.0,0.0,0
index_74,0.0,0.0,0.0,0.0,0.0,0.0,8.3,1.2,0.0,0.0,0
index_75,6.4,7.2,0.0,1.1,0.0,1.6,0.0,0.0,14.7,0.7,0
index_76,0.0,1.2,0.0,0.0,0.0,1.8,0.0,0.0,1.8,3.3,0
index_77,2.1,0.6,0.0,0.7,1.3,0.5,2.7,0.0,0.9,0.0,0
index_78,1.9,0.0,0.0,0.0,0.0,0.0,0.0,0.0,0.0,0.0,0
index_79,0.0,1.0,0.6,4.5,2.0,0.0,0.0,21.8,6.6,4.6,0
index_80,2.6,4.2,4.9,6.8,4.2,1.1,1.3,1.6,15.8,0.0,0
index_81,0.0,0.5,0.0,0.5,2.3,0.0,0.0,1.3,0.0,0.0,0
index_82,0.0,2.6,1.0,2.4,3.4,0.0,2.2,0.1,0.0,0.0,0
index_83,1.8,0.0,0.0,0.0,0.0,0.0,0.0,0.0,0.0,0.0,0
index_84,0.8,2.5,8.3,0.0,0.8,2.8,1.6,1.2,1.5,23.8,0
index_85,6.2,0.0,1.8,0.0,0.0,0.0,0.0,0.0,0.0,0.0,0
index_86,0.0,0.0,0.0,14.7,0.0,2.3,0.0,0.0,2.2,1.1,0
index_87,20.6,0.0,5.4,14.7,10.8,9.8,4.7,0.5,11.8,9.3,1
index_88,6.8,5.1,13.1,8.0,7.9,0.0,15.0,10.7,0.0,1.3,1
index_89,0.9,2.1,1.9,0.0,0.0,0.0,1.1,0.0,0.0,0.0,0
index_90,0.0,0.0,0.0,3.0,1.4,1.5,0.0,1.1,3.9,0.0,0
index_91,0.0,0.0,0.0,0.0,0.0,0.0,0.0,0.0,0.0,6.7,0
index_92,3.9,9.9,9.5,0.6,7.0,6.6,4.2,2.1,7.6,3.4,0
index_93,3.9,14.3,13.7,2.5,3.2,2.5,13.8,4.4,6.9,9.6,1
index_94,5.5,2.0,5.3,0.5,0.0,0.0,8.4,0.0,14.0,0.0,0
index_95,0.0,1.3,7.0,3.8,1.1,0.0,4.5,0.0,2.2,0.8,0
index_96,0.0,0.0,0.0,0.0,0.0,4.9,3.8,2.6,0.0,2.7,0
index_97,14.8,1.1,1.0,2.0,17.0,0.0,0.0,0.0,0.0,0.5,0
index_98,0.0,0.0,6.8,4.7,14.0,1.1,0.6,0.0,1.7,0.0,0
index_99,0.0,1.1,2.0,1.9,0.0,1.1,1.2,1.1,2.1,9.5,0
index_100,5.2,3.8,0.0,0.0,0.0,0.0,0.0,0.0,0.0,0.0,0
index_101,0.0,0.0,0.0,0.0,0.0,0.0,0.0,0.0,0.0,0.0,0
index_102,0.0,0.0,0.0,0.0,0.0,0.0,0.0,0.0,5.6,0.0,0
index_103,3.9,3.1,2.3,7.8,2.1,4.7,22.5,16.4,1.3,1.0,1
index_104,0.0,0.0,0.0,0.0,5.1,2.5,1.3,0.5,1.0,0.0,0
index_105,0.7,0.0,0.0,0.0,0.0,0.0,0.0,0.0,0.0,5.8,0
index_106,1.8,0.8,1.5,2.5,0.0,0.0,0.0,0.0,0.0,0.0,0
index_107,0.0,0.0,0.0,0.0,0.0,0.0,0.0,2.1,9.8,7.4,0
index_108,0.0,0.0,0.8,1.1,6.7,3.7,5.4,1.5,1.1,1.2,0
index_109,2.2,0.0,0.6,4.7,0.9,0.0,0.0,0.0,0.0,0.0,0
index_110,0.0,0.0,0.0,0.0,3.4,0.0,0.0,3.1,2.5,0.0,0
index_111,0.0,1.3,0.0,2.9,6.5,11.6,10.2,0.0,0.0,0.0,0
index_112,0.0,0.0,0.0,0.0,0.0,0.0,0.0,0.0,0.0,6.0,0
index_113,8.2,2.4,6.2,1.1,0.0,11.1,4.0,6.3,0.0,0.0,0
index_114,8.3,1.7,0.0,0.0,20.9,1.9,0.0,2.0,18.1,9.7,1
index_115,6.3,3.2,2.2,0.0,3.0,3.1,0.0,0.0,0.0,1.9,0
index_116,2.3,1.8,0.0,0.0,0.0,0.0,1.2,1.0,1.1,9.1,0
index_117,4.4,1.3,18.7,1.7,1.0,20.7,14.8,4.0,1.0,0.0,1
index_118,1.1,0.0,0.0,9.5,9.2,3.6,34.0,5.1,2.4,0.0,1
index_119,5.9,0.6,0.0,0.0,0.0,0.6,0.0,0.0,1.0,0.0,0
index_120,0.0,18.6,0.0,6.7,16.1,15.5,17.3,7.2,9.4,8.0,1
index_121,0.0,0.0,0.6,0.7,3.6,5.4,9.7,3.8,0.0,0.0,0
index_122,0.0,0.0,0.0,0.0,0.0,0.0,0.0,0.0,0.0,0.0,0
index_123,0.0,0.0,0.5,0.6,0.0,0.0,5.0,16.6,0.8,10.9,0
index_124,1.9,3.8,3.3,18.2,4.7,0.0,19.7,7.2,12.1,14.6,1
index_125,3.4,5.0,8.2,0.0,7.9,2.7,5.7,1.1,4.7,9.9,0
index_126,7.8,9.6,12.2,1.0,0.0,0.0,0.0,0.0,0.0,0.0,0
index_127,18.2,1.1,9.9,9.0,2.7,1.0,0.5,0.0,1.1,4.2,0
index_128,24.4,2.2,0.0,0.0,0.0,1.7,4.4,1.1,0.4,12.0,0
index_129,0.9,6.1,2.2,0.0,0.0,0.0,0.0,5.0,0.0,2.3,0
index_130,8.9,3.2,2.1,8.0,0.0,2.1,2.7,7.2,0.0,0.0,0
index_131,0.0,0.0,0.0,0.0,1.0,4.1,1.0,1.1,0.5,1.0,0
index_132,1.5,8.5,8.3,10.0,4.2,4.6,2.1,3.2,1.1,0.5,0
index_133,1.0,0.7,10.0,34.9,1.4,12.2,3.0,3.0,2.0,1.0,1
index_134,0.7,0.0,0.0,0.0,0.0,0.0,18.9,1.6,4.7,12.2,0
index_135,4.9,13.2,9.1,1.0,0.0,2.2,4.6,0.0,3.0,2.1,0
index_136,7.6,1.8,13.5,1.8,12.6,5.0,4.9,1.2,9.2,10.1,1
index_137,20.1,3.4,2.4,6.0,9.4,0.0,0.0,0.0,2.8,0.0,0
index_138,0.0,0.0,0.0,0.0,0.0,0.0,0.0,0.0,0.0,31.3,0
index_139,13.4,2.2,2.1,1.1,0.0,4.5,20.9,11.1,6.1,6.3,1
index_140,7.0,3.3,4.1,3.5,0.0,0.0,1.9,0.0,0.0,0.0,0
index_141,2.0,0.0,0.0,0.0,0.0,0.0,0.0,0.0,0.0,0.0,0
index_142,0.0,0.0,0.0,0.0,0.0,0.0,0.0,0.0,0.0,0.0,0
index_143,0.5,5.7,0.0,10.6,1.6,1.8,5.5,1.6,0.8,1.0,0
index_144,3.3,0.0,0.0,0.0,0.0,0.0,0.0,0.0,0.0,0.0,0
index_145,0.0,0.0,15.6,1.0,0.8,3.1,2.8,0.0,0.0,0.0,0
index_146,0.0,0.0,0.0,0.0,5.0,7.3,0.0,15.0,0.0,2.0,0
index_147,0.0,0.0,0.0,0.0,0.0,2.1,2.2,1.9,4.9,8.9,0
index_148,5.1,0.0,0.0,4.2,3.3,1.0,2.4,1.4,0.0,0.0,0
index_149,0.0,0.0,7.0,2.3,0.0,3.2,4.1,2.0,0.0,4.6,0
index_150,2.0,1.0,8.2,12.2,0.0,1.0,10.3,5.2,1.2,1.1,0
index_151,2.0,1.1,0.0,15.6,15.4,0.0,6.2,11.1,0.0,0.0,0
index_152,2.5,0.0,5.0,0.0,0.0,3.3,6.5,2.0,4.0,2.5,0
index_153,6.0,1.6,1.2,2.5,0.0,0.0,0.0,20.4,8.0,0.0,0
index_154,0.0,0.0,0.0,0.0,0.0,0.0,0.0,0.0,0.0,7.9,0
index_155,17.0,8.7,1.6,7.5,14.5,3.9,1.0,13.6,17.1,4.1,1
index_156,7.0,5.1,5.5,4.2,10.5,5.4,10.0,19.5,8.2,1.7,1
index_157,5.1,6.0,3.3,2.7,1.6,7.1,3.1,9.5,1.3,2.1,0
index_158,1.3,1.0,7.4,2.4,1.5,4.2,28.2,1.0,3.6,11.8,1
index_159,5.3,0.3,1.0,0.6,1.9,20.3,2.0,24.9,8.9,23.0,1
index_160,9.6,0.7,0.1,10.2,5.9,4.2,1.2,16.9,19.2,4.4,1
index_161,2.6,3.0,7.0,3.4,0.0,0.0,0.0,0.0,0.0,0.0,0
index_162,3.2,11.7,25.5,11.2,1.1,0.0,1.1,1.9,0.0,1.2,1
index_163,3.2,1.0,3.0,9.8,6.3,4.8,4.6,4.1,10.0,4.6,0
index_164,25.5,9.3,8.5,17.3,12.3,2.9,4.4,2.2,2.5,5.7,1
index_165,28.1,8.1,2.5,1.6,6.9,5.8,6.0,1.0,1.2,1.1,1
index_166,2.3,3.5,1.2,0.2,0.6,0.6,0.5,1.3,1.3,1.2,0
index_167,1.2,1.2,0.3,0.9,1.0,0.0,0.0,0.0,0.0,0.0,0
index_168,0.0,0.0,0.0,15.5,10.0,0.0,0.0,0.0,0.0,41.8,1
index_169,1.3,1.0,0.6,4.1,9.6,5.3,0.1,1.2,4.5,7.3,0
index_170,6.1,3.2,7.9,1.1,1.2,3.2,6.5,6.4,1.5,2.2,0
index_171,1.4,5.8,2.6,0.0,0.0,0.0,0.0,0.0,3.5,0.0,0
index_172,0.0,0.0,1.5,0.0,0.0,0.0,0.0,0.0,0.0,0.0,0
index_173,0.0,1.1,3.6,51.3,0.0,0.0,0.0,0.0,0.0,0.0,1
index_174,0.0,0.0,0.0,0.0,0.0,0.0,0.0,0.0,0.0,0.0,0
index_175,0.0,0.0,0.0,4.1,1.6,6.8,2.6,0.0,0.0,0.0,0
index_176,0.0,0.0,0.0,0.0,0.0,0.0,3.0,5.8,0.3,0.4,0
index_177,3.2,5.3,4.7,11.5,0.4,0.0,0.0,0.0,0.0,0.0,0
index_178,0.0,0.0,0.0,0.0,0.0,0.0,0.6,0.0,0.5,6.8,0
index_179,21.7,0.0,0.1,6.8,6.6,7.7,4.3,9.9,3.1,1.8,1
index_180,0.1,6.2,2.8,0.2,0.5,1.0,11.6,2.4,1.4,1.6,0
index_181,1.2,1.5,2.0,2.1,0.0,0.0,0.0,0.0,0.0,7.0,0
index_182,0.5,11.0,0.0,2.0,4.6,0.0,9.5,0.0,8.2,12.6,0
index_183,4.0,12.0,1.4,0.0,0.0,5.4,7.8,0.0,27.4,2.1,1
index_184,0.0,0.0,2.2,8.2,1.1,1.0,0.0,1.4,7.8,1.6,0
index_185,2.1,0.8,3.6,1.1,0.0,15.0,2.6,5.6,0.7,4.7,0
index_186,0.0,0.0,0.0,0.0,0.0,0.0,0.0,0.0,0.0,0.0,0
index_187,0.0,0.0,0.0,0.0,0.0,0.0,0.0,0.5,0.0,0.0,0
index_188,0.0,0.0,0.0,0.0,0.0,0.0,0.2,0.0,8.3,0.0,0
index_189,7.3,0.0,0.0,0.0,0.0,0.0,0.0,0.0,0.0,0.0,0
index_190,0.0,20.0,4.0,1.5,2.2,0.0,0.0,0.0,0.0,0.0,0
index_191,0.0,0.0,0.0,0.0,0.0,4.6,0.3,1.3,3.6,0.8,0
index_192,7.6,7.6,0.0,0.0,0.0,9.1,0.0,4.4,3.6,9.3,0
index_193,4.5,0.0,7.0,0.0,1.5,0.3,2.0,13.0,6.4,8.5,0
index_194,9.0,1.7,2.4,0.0,0.1,3.9,0.4,0.0,4.0,1.1,0
index_195,2.0,0.4,0.2,12.8,4.2,0.0,0.0,0.4,0.5,0.3,0
index_196,0.6,1.7,0.0,0.9,0.0,41.6,8.1,2.1,0.0,0.0,1
index_197,0.0,2.2,0.0,1.5,0.0,0.0,0.0,0.0,0.0,6.7,0
index_198,0.0,7.0,6.8,3.5,8.6,3.4,1.1,0.7,29.7,0.5,1
index_199,0.0,0.0,0.0,0.0,0.0,0.0,0.0,0.0,0.0,0.4,0
index_200,0.0,0.0,0.0,0.0,0.0,0.5,5.5,0.0,11.2,3.1,0
index_201,0.5,0.0,0.6,2.0,2.8,0.0,13.4,3.6,28.5,9.5,1
index_202,11.0,3.1,1.6,6.5,5.0,0.0,0.0,4.0,0.0,6.5,0
index_203,3.5,1.0,1.2,6.2,8.3,2.9,3.1,6.6,1.9,2.0,0
index_204,0.5,0.7,0.0,0.0,0.2,1.1,2.4,2.5,8.0,1.5,0
index_205,0.0,0.0,27.0,2.6,0.0,0.0,0.2,0.9,3.6,5.6,0
index_206,15.6,0.0,0.0,0.3,25.4,0.6,13.8,10.0,4.7,0.6,1
index_207,0.0,1.7,6.4,11.2,0.0,1.0,0.0,0.0,0.0,0.0,0
index_208,1.5,0.0,0.0,1.3,0.0,1.8,4.3,0.0,0.0,0.0,0
index_209,0.0,0.0,0.0,0.0,0.0,0.0,0.0,0.5,1.8,0.3,0
index_210,1.9,5.8,8.9,1.5,1.9,0.0,12.3,1.6,0.0,0.0,0
index_211,13.7,0.6,0.0,0.0,35.8,0.8,0.5,26.2,20.5,6.9,1
index_212,3.2,0.0,5.6,6.0,2.8,0.0,0.0,0.0,0.0,0.0,0
index_213,0.0,0.0,0.0,0.0,0.0,0.0,0.0,0.0,0.0,0.0,0
index_214,1.5,2.9,0.0,3.1,0.0,0.0,0.0,0.0,0.0,0.0,0
index_215,0.5,0.7,0.0,6.3,0.8,3.7,2.1,3.1,0.0,2.3,0
index_216,0.0,1.0,2.8,0.0,4.3,1.9,3.3,0.9,4.5,1.5,0
index_217,1.3,0.2,0.0,0.0,0.0,0.0,0.0,0.0,0.0,0.0,0
index_218,14.0,23.4,0.0,5.6,3.2,0.0,0.0,0.0,0.0,0.0,0
index_219,0.0,1.2,0.7,0.0,11.1,7.2,9.4,10.4,1.8,0.8,0
index_220,0.0,0.0,0.2,2.5,3.2,0.0,25.7,0.0,0.5,0.0,0
index_221,2.3,0.0,0.0,0.0,0.0,0.0,0.0,0.0,0.4,3.5,0
index_222,0.6,1.3,2.3,0.5,2.3,14.7,1.3,12.6,13.4,1.0,0
index_223,0.0,0.0,0.0,1.9,0.0,1.2,0.8,4.0,7.0,0.0,0
index_224,0.7,0.2,0.0,0.0,0.0,1.0,0.7,0.5,8.4,0.4,0
index_225,6.4,0.5,18.7,2.1,2.0,3.5,2.0,0.0,0.0,2.6,0
index_226,0.0,0.0,13.7,0.7,26.9,0.0,6.0,12.8,6.9,1.4,1
index_227,0.7,0.5,0.2,0.0,3.0,13.3,1.3,1.1,0.0,0.5,0
index_228,0.4,6.4,0.0,0.4,0.0,4.7,2.4,2.7,1.3,0.7,0
index_229,0.3,0.6,0.0,3.9,0.0,2.6,0.0,7.7,1.0,0.0,0
index_230,0.0,0.0,0.8,2.1,7.6,0.6,0.8,1.0,1.1,1.0,0
index_231,0.5,2.1,2.2,0.5,2.9,1.9,2.6,0.8,0.4,0.3,0
index_232,0.0,0.0,0.0,0.0,0.0,0.0,0.0,2.8,29.1,18.0,0
index_233,0.0,10.6,7.2,2.0,1.2,11.3,2.9,3.6,4.2,1.0,0
index_234,0.0,1.0,0.0,0.0,0.0,0.0,0.0,1.0,1.1,0.0,0
index_235,0.0,13.2,1.4,4.6,6.3,0.7,0.3,0.5,0.0,0.0,0
index_236,0.0,0.0,0.0,8.9,0.0,7.1,0.0,0.1,0.5,1.1,0
index_237,4.4,6.0,3.0,2.1,1.5,0.5,0.0,0.0,4.7,0.5,0
index_238,0.4,0.5,7.9,2.4,21.9,5.1,4.2,7.9,2.0,7.0,1
index_239,4.0,5.2,2.9,1.9,0.5,1.9,2.4,1.0,12.0,11.1,0
index_240,0.2,15.3,0.9,18.6,20.0,2.9,3.3,2.1,7.0,3.6,1
index_241,2.9,0.0,0.6,0.4,0.2,0.0,1.2,0.0,0.0,0.0,0
index_242,0.0,0.0,0.0,0.0,0.4,3.6,27.2,18.0,4.7,11.2,1
index_243,1.2,4.9,0.1,15.2,4.0,24.1,4.0,3.0,1.5,9.2,1
index_244,2.3,4.4,2.2,3.0,0.5,1.6,14.7,2.9,3.7,4.7,0
index_245,1.0,0.6,5.7,2.1,1.0,0.1,2.6,0.0,20.8,6.2,0
index_246,2.0,0.2,0.1,0.0,0.4,0.0,0.0,3.2,0.3,4.7,0
index_247,4.4,8.0,4.8,0.1,1.5,0.8,9.2,6.6,4.5,1.3,0
index_248,4.7,0.5,18.3,5.1,4.8,0.7,11.1,1.4,5.2,0.0,0
index_249,1.6,3.8,1.9,0.0,5.9,0.6,2.0,9.2,0.4,0.0,0
index_250,0.0,0.0,0.0,0.0,0.0,0.0,0.0,0.0,0.0,6.9,0
index_251,0.2,8.7,0.8,1.1,1.0,7.1,0.0,1.0,0.0,0.0,0
index_252,0.0,0.0,0.0,0.0,0.0,0.0,0.0,0.0,0.0,0.0,0
index_253,0.0,1.1,5.9,0.0,0.4,5.0,3.5,2.7,3.0,13.5,0
index_254,4.8,2.7,4.1,0.0,5.6,0.0,0.0,0.3,0.3,0.0,0
index_255,0.0,0.0,0.0,0.0,0.0,0.0,0.0,0.0,0.6,2.5,0
index_256,0.0,0.0,0.0,0.0,0.0,0.0,0.0,1.2,0.0,0.0,0
index_257,0.0,0.0,0.0,0.0,0.0,0.0,0.0,0.0,0.0,2.2,0
index_258,0.0,0.0,30.0,17.6,4.3,0.0,0.0,0.0,0.0,0.8,0
index_259,0.0,0.0,5.2,0.7,2.0,0.1,4.0,8.4,7.8,0.7,0
index_260,1.8,0.0,14.8,8.9,0.0,8.5,0.0,5.0,7.2,2.1,0
index_261,2.2,7.0,0.4,2.0,2.6,1.1,0.4,1.2,0.0,0.0,0
index_262,2.2,0.0,0.0,0.0,5.7,0.0,1.3,1.5,0.0,0.0,0
index_263,4.6,0.3,0.8,0.0,0.0,0.0,0.6,0.0,2.8,14.8,0
index_264,1.8,3.8,2.2,0.3,0.0,0.0,0.0,2.5,2.9,2.4,0
index_265,6.3,6.0,0.4,6.0,3.2,0.7,4.6,1.8,3.2,9.5,0
index_266,10.8,2.8,1.8,6.4,23.8,2.5,0.2,0.0,12.0,5.4,1
index_267,18.1,10.5,4.4,0.0,0.0,1.3,12.1,0.0,0.0,0.0,0
index_268,0.8,0.0,0.4,1.1,0.0,0.0,0.0,0.0,0.1,0.0,0
index_269,1.2,1.0,2.9,4.7,6.0,8.5,11.7,8.8,1.2,0.4,0
index_270,4.5,10.5,6.2,15.8,0.9,9.2,4.1,18.5,5.2,3.1,1
index_271,13.5,5.6,3.2,0.8,1.5,0.0,0.4,0.0,0.0,0.5,0
index_272,0.3,0.0,0.0,0.0,0.0,8.1,10.8,4.4,0.8,4.2,0
index_273,0.0,0.0,0.0,0.0,0.0,0.0,0.0,0.0,0.0,0.0,0
index_274,1.3,0.0,1.5,2.3,6.1,6.8,4.2,3.2,6.8,0.0,0
index_275,0.3,0.0,0.0,0.0,4.2,10.2,4.4,1.8,4.4,4.8,0
index_276,6.5,1.2,0.6,0.4,0.2,0.6,2.5,0.0,0.0,2.0,0
index_277,10.2,8.2,8.2,1.5,4.1,2.3,12.2,7.2,2.5,20.0,1
index_278,6.3,2.8,1.7,8.5,0.3,1.1,1.2,0.4,1.6,3.1,0
index_279,2.1,1.8,2.5,1.4,29.6,7.8,1.7,8.4,2.2,0.4,1
index_280,0.3,0.0,0.3,0.0,0.6,0.5,0.0,0.0,7.1,8.4,0
index_281,8.6,29.5,2.4,1.2,3.1,4.2,0.2,0.3,0.0,0.2,0
index_282,1.4,1.2,2.4,5.8,12.2,6.5,0.3,0.2,3.2,1.4,0
index_283,0.0,0.0,0.0,0.8,0.2,3.8,5.7,1.5,1.9,0.0,0
index_284,5.6,1.6,1.3,21.5,1.2,15.0,1.8,0.0,0.0,0.0,0
index_285,1.7,0.0,7.8,5.2,1.8,0.0,0.0,1.7,1.4,0.6,0
index_286,13.2,0.0,0.0,0.0,0.0,0.0,0.0,0.0,0.0,5.2,0
index_287,0.0,0.0,0.0,0.0,0.0,1.4,2.2,1.1,0.8,2.1,0
index_288,0.0,0.0,0.0,2.2,5.0,8.3,1.5,2.1,0.4,0.0,0
index_289,0.0,0.0,0.0,0.0,4.1,1.8,12.2,2.9,0.7,0.0,0
index_290,0.8,3.4,0.2,7.2,0.0,16.8,6.7,0.7,8.9,1.8,0
index_291,4.1,2.2,12.8,0.9,1.2,0.8,1.3,0.7,1.1,0.0,0
index_292,0.0,0.0,4.8,1.6,2.2,3.1,2.1,14.4,0.4,5.6,0
index_293,0.0,0.0,0.0,0.0,0.0,11.4,0.0,1.6,1.8,27.4,0
index_294,2.8,0.0,3.2,3.4,1.4,1.6,4.8,0.4,1.4,4.8,0
index_295,0.4,1.8,1.4,1.8,0.2,0.0,0.0,0.0,0.0,3.5,0
index_296,0.0,2.2,7.1,7.6,1.3,3.4,0.0,0.0,3.2,2.8,0
index_297,9.2,14.4,4.2,0.0,0.0,1.4,3.4,2.8,2.4,0.9,0
index_298,11.9,1.0,9.7,5.5,17.2,1.4,4.3,1.2,2.4,2.2,1
index_299,6.4,24.6,2.4,1.9,12.2,2.4,2.2,3.7,0.0,2.2,1
index_300,0.9,1.3,0.8,1.2,0.0,1.8,1.4,3.2,3.4,0.0,0
index_301,1.3,3.8,0.0,0.1,7.5,28.5,0.0,3.9,4.7,0.1,0
index_302,9.5,0.0,0.3,0.0,0.0,0.0,0.0,0.0,0.0,0.0,0
index_303,8.9,11.5,15.0,13.6,5.3,2.0,3.5,1.2,0.0,0.0,1
index_304,0.7,13.7,11.8,2.4,4.8,8.1,1.1,2.3,6.8,11.7,1
index_305,2.4,1.5,15.2,6.4,3.3,16.3,1.0,0.2,1.5,0.2,0
index_306,0.5,4.5,0.1,1.1,0.1,0.0,0.0,0.0,0.0,0.0,0
index_307,0.0,1.1,2.4,4.0,0.2,15.6,6.1,0.9,5.0,9.4,0
index_308,6.3,0.5,3.0,0.3,3.5,8.7,5.5,9.4,4.3,5.4,0
index_309,1.2,0.0,3.3,0.0,0.0,1.0,0.0,0.0,0.0,0.0,0
index_310,2.5,0.6,0.3,0.0,0.0,0.0,0.2,0.0,0.2,0.0,0
index_311,0.7,1.5,3.5,9.8,3.4,20.2,8.3,16.2,0.6,0.0,1
index_312,0.0,0.1,3.5,9.0,5.9,1.3,1.0,2.5,3.6,7.5,0
index_313,6.3,3.7,9.9,4.6,6.6,3.7,16.1,2.0,1.1,3.9,1
index_314,8.0,4.5,0.0,1.1,0.0,1.9,0.4,0.0,0.0,0.0,0
index_315,0.0,5.5,0.1,4.6,4.0,9.2,5.3,4.0,0.1,0.0,0
index_316,0.4,1.7,2.2,1.5,5.7,0.0,0.0,0.0,0.0,0.0,0
index_317,0.0,0.0,3.0,0.0,0.0,1.7,0.2,0.0,2.6,2.4,0
index_318,0.5,0.3,0.0,0.1,0.9,2.1,0.4,0.0,1.0,6.5,0
index_319,7.0,1.1,2.7,4.4,0.0,0.2,8.5,4.4,3.0,8.0,0
index_320,0.1,0.2,0.0,1.5,1.4,2.3,4.4,6.0,7.3,0.0,0
index_321,0.0,0.0,0.0,0.0,0.0,3.0,3.0,1.0,2.0,1.0,0
index_322,2.5,3.1,8.3,5.2,0.6,3.0,2.1,7.9,0.0,0.4,0
index_323,0.8,1.7,6.8,18.7,0.0,0.0,5.6,4.0,2.1,1.4,0
index_324,1.7,0.0,0.0,3.0,3.5,0.1,0.0,0.0,10.2,2.2,0
index_325,11.2,7.0,1.9,3.3,1.2,1.4,0.5,4.2,0.2,0.0,0
index_326,0.0,0.0,3.3,3.4,13.3,10.2,0.0,0.0,0.0,0.0,0
index_327,0.0,0.0,0.0,0.0,0.0,6.5,1.0,0.0,0.0,0.0,0
index_328,0.0,0.0,0.0,0.0,0.0,0.0,1.5,1.0,4.9,1.0,0
index_329,0.0,7.5,8.3,13.0,3.9,0.2,3.4,0.2,0.0,0.0,0
index_330,0.0,0.0,0.0,0.0,0.0,0.0,1.2,3.6,0.0,0.0,0
index_331,28.7,0.2,0.6,1.8,0.7,0.0,2.5,1.7,2.2,2.0,0
index_332,0.4,0.0,0.0,0.0,0.0,0.0,3.8,8.2,1.1,0.0,0
index_333,0.1,7.5,4.8,2.0,0.2,1.3,0.2,0.0,0.0,0.0,0
index_334,0.0,2.9,12.0,3.4,0.4,0.0,0.0,0.0,0.0,1.5,0
index_335,0.0,0.0,0.4,0.3,0.0,0.0,0.0,0.0,0.0,0.2,0
index_336,7.3,5.4,3.2,3.3,0.9,3.8,14.2,3.4,0.0,1.2,0
index_337,7.0,0.1,1.0,0.0,0.0,0.0,0.0,0.0,0.0,0.0,0
index_338,0.0,0.0,0.0,13.7,0.0,0.0,0.0,0.0,0.0,4.9,0
index_339,0.0,0.0,0.0,0.0,0.0,0.0,0.0,0.0,23.3,0.3,0
index_340,0.6,26.7,9.9,1.2,0.0,0.0,0.0,0.0,10.3,0.0,0
index_341,0.0,0.0,0.0,0.0,1.5,0.0,29.8,15.2,1.2,5.0,0
index_342,0.0,0.0,0.0,1.3,10.7,5.4,15.2,3.9,17.8,1.3,1
index_343,0.0,7.2,3.2,4.0,14.9,9.1,3.3,2.8,2.0,3.4,0
index_344,4.0,0.0,2.1,2.4,1.6,1.6,0.8,18.4,8.0,2.6,0
index_345,6.7,15.2,10.5,5.5,3.0,0.1,0.0,3.4,14.2,0.2,1
index_346,6.2,19.7,6.5,2.0,2.1,4.9,1.6,27.2,10.6,15.1,1
index_347,15.7,6.4,12.0,9.2,0.8,7.0,17.2,2.6,5.6,0.0,1
index_348,1.2,7.6,2.0,4.1,4.2,13.5,10.4,8.9,29.1,11.8,1
index_349,8.8,9.8,12.5,11.6,9.8,21.3,9.8,0.5,3.6,1.5,1
index_350,4.0,5.6,1.2,0.2,2.4,0.3,0.0,0.0,0.0,0.0,0
index_351,0.0,1.0,1.2,0.0,0.0,0.3,3.9,7.9,2.0,0.0,0
index_352,44.9,11.6,3.9,1.9,5.9,2.4,7.5,17.6,16.9,11.6,1
index_353,2.1,8.4,8.6,4.0,9.0,2.0,3.3,0.0,0.0,0.0,0
index_354,0.0,0.0,0.0,0.0,1.7,3.2,0.0,4.6,14.9,3.4,0
index_355,4.1,2.8,0.0,5.9,1.6,2.6,2.1,5.6,9.4,1.8,0
index_356,3.5,9.4,3.2,4.5,2.7,0.0,0.4,0.0,9.0,0.0,0
index_357,0.2,1.1,0.0,0.0,3.3,0.0,0.0,0.0,5.6,1.2,0
index_358,6.9,3.5,0.0,0.0,4.9,0.0,0.0,0.0,0.0,0.0,0
index_359,0.0,0.0,18.7,6.7,0.0,5.5,4.6,0.0,0.0,0.7,0
index_360,10.4,6.9,14.3,3.0,0.0,11.9,1.4,0.2,0.0,0.0,0
index_361,0.0,0.0,0.0,0.0,0.0,0.0,0.0,0.0,0.0,0.0,0
index_362,0.0,0.0,0.0,0.1,5.4,4.3,0.4,2.6,3.5,1.1,0
index_363,0.0,0.0,1.3,6.2,5.0,0.0,4.6,2.1,0.5,0.0,0
index_364,0.0,0.0,0.0,13.6,2.6,4.3,2.3,0.0,0.0,0.0,0
index_365,0.0,0.0,1.0,1.7,0.0,0.0,15.1,1.5,1.0,11.4,0
index_366,3.0,1.6,8.5,9.1,2.2,0.7,0.1,1.6,0.0,0.0,0
index_367,0.0,0.0,0.0,3.4,1.8,0.2,0.0,0.4,0.0,0.0,0
index_368,0.0,0.0,0.0,0.0,0.0,7.2,13.8,0.4,0.4,0.0,0
index_369,0.0,6.7,6.1,2.0,9.6,8.5,0.7,1.3,12.7,3.3,0
index_370,4.6,1.3,4.3,0.3,0.8,0.3,0.1,1.7,6.3,10.5,0
index_371,1.8,1.5,8.1,4.0,0.0,0.0,0.0,0.8,0.0,0.0,0
index_372,0.0,4.8,0.0,0.0,0.0,0.3,4.5,0.3,0.0,0.0,0
index_373,0.0,0.0,2.5,10.9,4.6,2.0,4.0,0.0,7.4,4.0,0
index_374,1.7,4.3,2.5,10.4,5.0,2.1,9.9,1.4,0.8,11.5,0
index_375,4.3,0.0,17.2,0.2,10.4,0.0,2.4,2.5,15.0,9.6,1
index_376,1.5,0.9,12.5,0.9,8.9,0.6,0.0,0.0,0.0,0.0,0
index_377,0.0,25.6,4.4,0.0,0.0,31.0,5.1,1.0,0.0,1.1,1
index_378,0.2,0.0,0.0,0.0,0.0,0.0,0.0,0.0,0.0,0.0,0
index_379,6.9,9.6,22.9,0.1,0.3,0.8,0.6,0.2,0.0,0.0,0
index_380,2.0,0.2,0.8,0.0,0.0,21.6,15.0,16.2,2.4,2.9,1
index_381,1.4,0.0,0.0,8.3,4.1,5.3,9.9,6.4,8.2,3.2,0
index_382,10.2,2.7,3.6,14.2,6.8,4.4,0.7,4.2,7.5,3.1,1
index_383,9.0,0.2,0.5,5.6,1.7,7.8,1.9,6.4,15.9,4.1,0
index_384,6.3,11.4,3.9,2.7,2.2,8.1,0.0,0.0,0.0,0.0,0
index_385,12.6,7.3,7.8,3.5,1.7,0.6,1.8,4.7,1.6,2.9,0
index_386,7.7,5.2,19.1,8.0,5.5,4.3,9.6,9.9,8.6,6.4,1
index_387,4.1,8.6,2.6,7.9,7.3,5.2,0.0,3.7,0.2,0.2,0
index_388,0.0,0.0,0.4,6.8,7.0,2.8,20.6,2.4,5.0,7.2,0
index_389,18.4,1.0,13.5,6.5,6.0,4.7,6.3,14.6,4.1,6.0,1
index_390,9.8,6.4,10.2,5.2,7.3,3.1,1.6,3.1,5.6,3.4,1
index_391,3.2,0.2,0.0,0.3,0.8,1.2,1.1,1.5,0.2,0.0,0
index_392,12.6,2.6,8.3,0.6,5.2,1.6,4.7,1.3,0.0,0.0,0
index_393,0.0,0.0,0.0,0.0,0.0,0.0,0.2,0.0,0.0,0.1,0
index_394,0.0,0.0,0.0,0.0,0.1,0.8,0.0,0.6,0.1,0.0,0
index_395,0.3,0.1,0.0,13.9,2.4,0.9,3.1,0.3,0.0,0.3,0
index_396,13.1,3.5,0.0,0.2,2.7,6.0,0.8,0.6,1.0,2.7,0
index_397,0.0,0.0,0.1,0.0,3.2,1.5,0.5,1.2,0.2,1.0,0
index_398,0.6,9.9,3.9,0.2,0.0,0.1,3.2,4.0,0.2,8.2,0
index_399,0.3,10.9,2.7,0.9,0.0,0.0,0.0,0.0,0.0,0.0,0
index_400,0.0,1.0,0.0,0.0,0.0,0.0,0.0,0.0,0.0,0.0,0
index_401,0.1,0.0,0.2,0.0,4.1,5.8,2.1,0.2,0.0,0.2,0
index_402,0.1,4.4,5.4,4.2,3.1,0.8,1.3,0.7,4.3,2.2,0
index_403,2.1,1.9,4.2,1.0,3.4,0.7,1.7,0.5,6.4,0.7,0
index_404,0.0,0.3,5.9,0.1,0.0,0.6,1.9,2.8,0.0,0.0,0
index_405,0.0,0.5,0.3,0.4,1.4,0.2,2.2,13.8,23.1,5.9,0
index_406,22.5,12.0,4.9,0.0,0.0,0.0,0.0,0.0,0.0,0.0,0
index_407,0.0,1.4,7.3,0.4,4.9,0.2,0.7,1.4,0.0,2.5,0
index_408,7.4,9.2,3.9,2.6,1.0,1.3,2.4,2.7,0.2,1.9,0
index_409,7.3,2.1,1.5,0.4,0.4,0.6,1.5,2.7,10.6,2.1,0
index_410,2.2,1.9,8.5,4.0,1.3,0.2,0.0,0.0,0.0,0.0,0
index_411,0.2,0.0,0.1,2.4,1.2,1.2,0.0,0.1,13.3,12.2,0
index_412,3.1,2.0,1.1,2.9,29.9,4.1,1.2,1.1,0.1,2.3,0
index_413,0.0,9.6,0.1,1.9,1.4,19.8,10.8,4.2,5.5,14.1,1
index_414,10.2,6.4,0.2,0.0,3.2,13.2,2.9,3.1,4.8,7.3,0
index_415,0.2,0.0,0.0,0.0,0.0,5.4,0.4,0.1,0.1,1.3,0
index_416,10.5,31.9,9.8,8.1,12.0,10.1,1.4,0.8,1.3,3.5,1
index_417,0.1,4.1,0.2,0.0,0.3,5.6,7.5,16.5,3.0,3.9,0
index_418,0.7,0.0,0.0,0.0,0.0,0.0,0.0,0.0,0.0,0.0,0
index_419,0.0,5.5,3.0,4.4,2.9,15.2,2.4,3.6,3.8,25.3,1
index_420,8.4,1.5,1.8,10.4,17.0,12.0,1.3,17.2,10.9,11.7,1
index_421,10.7,1.0,6.5,0.6,0.1,0.8,0.1,0.0,0.0,0.0,0
index_422,0.0,0.0,0.0,0.0,0.0,0.0,0.0,0.0,3.7,0.0,0
index_423,0.0,0.0,0.0,0.0,0.0,0.9,6.4,8.0,2.5,5.8,0
index_424,4.8,13.4,7.9,6.4,5.4,8.2,12.8,7.0,2.2,3.1,1
index_425,2.5,7.2,5.8,3.5,13.5,3.3,2.0,1.5,1.8,0.6,0
index_426,1.7,1.4,3.9,4.1,5.1,5.4,5.3,4.5,6.1,0.8,0
index_427,4.2,1.6,0.2,0.7,17.8,5.1,1.7,1.7,0.0,0.0,0
index_428,0.0,0.0,0.0,0.0,0.0,0.0,0.0,0.0,0.0,0.0,0
index_429,0.0,0.0,0.0,0.0,0.0,0.0,0.8,5.0,0.5,14.4,0
index_430,0.1,0.0,0.0,0.0,14.9,0.2,0.0,0.0,0.0,0.0,0
index_431,0.0,0.0,0.0,0.0,6.3,3.5,0.0,14.1,18.6,0.0,0
index_432,3.9,8.4,12.2,6.6,5.4,13.5,3.1,5.2,12.0,6.4,1
index_433,7.9,0.4,3.3,0.0,0.0,0.0,0.0,0.0,0.0,0.0,0
index_434,0.0,0.0,0.0,6.8,0.3,0.2,4.4,0.0,0.0,0.0,0
index_435,0.0,0.0,0.0,0.0,0.0,3.9,0.3,5.2,4.8,0.4,0
index_436,8.7,2.0,0.8,0.5,0.0,1.2,5.0,3.0,2.8,1.9,0
index_437,9.0,1.6,5.0,2.0,2.2,0.0,0.0,0.0,0.0,0.0,0
index_438,0.0,0.0,0.0,0.0,0.0,0.0,0.0,0.0,0.0,0.0,0
index_439,0.0,0.0,1.0,8.5,0.0,1.7,0.0,0.0,0.0,7.8,0
index_440,6.2,2.6,3.7,7.8,0.9,5.6,0.2,0.4,0.0,1.6,0
index_441,0.1,0.0,0.0,0.0,0.0,0.0,0.0,0.0,0.0,0.0,0
index_442,0.0,0.0,8.8,1.3,0.2,0.0,0.0,0.0,0.0,0.0,0
index_443,16.6,0.6,0.7,0.5,8.3,9.8,14.3,0.0,0.0,1.4,0
index_444,6.4,9.0,0.9,0.7,0.9,9.5,0.0,5.6,0.0,2.0,0
index_445,0.0,5.2,3.4,16.0,1.0,0.0,1.3,9.2,3.0,3.6,0
index_446,0.0,6.0,9.2,2.6,2.0,6.4,7.3,5.8,7.3,11.0,1
index_447,6.7,0.3,0.0,0.0,5.3,1.5,1.4,16.5,0.2,20.6,0
index_448,7.8,0.9,16.2,7.8,4.6,14.5,0.1,5.0,4.8,4.9,1
index_449,2.0,0.0,0.0,0.0,0.0,0.0,0.1,0.9,3.1,6.9,0
index_450,8.2,5.6,6.1,17.1,7.3,1.1,0.0,4.1,2.9,0.2,0
index_451,0.0,0.0,0.1,0.0,0.0,0.0,0.0,0.0,0.0,0.0,0
index_452,0.0,0.0,0.5,0.0,0.0,0.0,0.0,0.6,1.6,0.4,0
index_453,1.0,2.8,2.4,20.4,6.7,8.9,5.7,1.7,3.1,17.0,1
index_454,4.7,2.6,0.1,0.0,0.0,0.0,0.0,0.0,0.6,1.0,0
index_455,17.7,5.5,3.2,2.4,9.1,5.9,1.1,5.2,3.8,1.3,1
index_456,0.0,0.0,0.1,0.0,0.1,0.0,0.0,0.1,0.3,0.1,0
index_457,0.0,0.2,33.9,6.8,4.3,11.2,5.5,1.6,1.0,3.3,1
index_458,2.0,1.7,5.2,4.9,16.5,2.5,0.4,2.8,0.1,0.0,0
index_459,1.3,3.4,0.1,0.0,0.0,2.5,3.8,0.2,0.0,2.0,0
index_460,0.7,0.5,0.7,0.1,0.0,0.0,0.0,0.0,0.0,0.0,0
index_461,0.3,4.3,0.1,0.0,0.0,0.0,0.1,0.1,0.1,0.0,0
index_462,0.0,0.0,0.0,0.0,0.0,0.9,0.0,0.0,0.3,0.0,0
index_463,0.0,0.0,13.8,4.0,0.0,7.7,1.7,0.1,1.2,0.0,0
index_464,11.3,0.0,2.2,0.0,0.0,0.0,0.0,0.0,1.1,0.0,0
index_465,0.0,10.2,0.0,1.2,0.3,0.0,0.1,0.0,1.3,18.0,0
index_466,4.2,10.5,6.3,9.1,0.0,1.5,0.0,8.8,18.3,6.6,1
index_467,6.1,9.1,4.5,1.5,1.0,5.4,0.0,1.2,2.2,25.2,1
index_468,1.5,9.8,8.6,4.4,0.1,2.2,4.2,0.0,0.0,0.0,0
index_469,0.0,0.7,0.8,0.4,0.0,0.0,0.0,0.0,1.5,19.8,0
index_470,0.7,0.0,0.0,3.5,1.2,10.5,4.4,3.6,2.0,2.5,0
index_471,2.2,1.9,1.6,3.2,2.5,1.0,6.3,2.2,1.0,0.8,0
index_472,6.9,1.7,5.5,14.9,1.4,7.1,0.3,5.3,0.7,3.3,0
index_473,1.9,3.3,0.2,1.2,0.1,9.2,2.7,2.4,0.4,0.0,0
index_474,0.0,0.0,0.0,0.0,0.0,0.0,0.0,0.0,0.0,0.0,0
index_475,0.0,0.0,0.0,0.0,0.0,0.0,0.0,1.5,0.0,0.0,0
index_476,0.0,0.0,8.4,0.0,20.3,3.1,2.7,4.7,1.2,6.3,0
index_477,8.3,9.4,2.0,0.3,0.1,0.1,0.1,1.1,11.5,0.0,0
index_478,7.4,14.6,7.8,5.6,7.9,4.3,3.5,0.0,0.4,0.0,0
index_479,5.4,4.6,0.5,12.6,0.2,2.0,2.6,1.7,4.1,9.3,0
index_480,4.3,5.6,2.5,0.8,0.0,0.0,0.0,3.9,2.2,0.6,0
index_481,0.0,1.0,0.2,0.0,8.8,0.4,0.1,9.6,12.0,1.0,0
index_482,0.2,0.9,1.4,1.6,1.6,0.2,1.9,2.9,1.0,5.2,0
index_483,2.9,12.8,1.7,2.9,0.8,0.2,7.8,3.1,9.1,0.0,0
index_484,0.0,0.0,0.4,6.6,1.2,6.7,8.4,7.6,0.5,0.0,0
index_485,0.0,0.0,1.8,0.0,0.0,7.5,20.8,0.0,2.5,0.8,0
index_486,0.4,0.0,9.6,3.5,24.7,3.5,1.2,5.3,0.0,4.8,0
index_487,1.8,6.9,3.9,11.3,10.1,0.5,8.9,0.8,0.0,1.7,0
index_488,6.1,3.7,1.8,7.2,8.7,6.6,4.0,8.5,9.0,6.1,1
index_489,7.4,10.6,1.4,1.3,0.0,0.0,9.9,2.0,10.0,18.6,1
index_490,0.0,0.0,0.0,0.2,3.0,0.5,1.3,2.4,3.8,8.9,0
index_491,8.0,7.6,0.8,7.7,3.5,3.7,10.0,11.1,5.9,0.0,1
index_492,11.8,3.0,4.8,18.1,6.3,1.8,0.9,8.7,0.3,0.7,1
index_493,0.5,2.7,1.8,0.0,0.0,0.0,0.0,0.0,0.0,0.0,0
index_494,15.4,1.7,0.0,0.0,0.0,0.0,0.0,0.0,0.0,0.0,0
index_495,0.0,0.0,0.0,2.2,14.3,0.0,0.3,0.7,8.9,9.2,0
index_496,1.1,7.8,11.4,13.4,10.4,1.1,2.1,0.0,0.0,0.0,0
index_497,0.0,0.0,0.0,0.0,0.6,0.0,0.0,2.6,1.1,2.0,0
index_498,2.5,0.1,0.0,0.0,2.2,0.1,0.0,2.2,3.0,0.8,0
index_499,5.2,11.0,0.5,1.6,1.4,0.8,0.0,0.0,0.0,0.0,0
index_500,0.0,1.3,0.2,0.0,1.1,5.4,2.7,0.0,0.0,0.0,0
index_501,0.0,0.0,0.0,7.4,9.7,2.5,6.0,0.0,1.3,3.4,0
index_502,0.4,0.0,1.3,0.0,0.0,0.0,0.0,0.0,0.0,0.0,0
index_503,0.8,0.3,0.0,0.3,9.4,2.2,0.9,11.2,10.1,9.1,0
index_504,7.6,2.4,0.5,0.9,11.8,7.4,1.1,9.9,11.1,1.4,0
index_505,3.8,4.1,0.3,0.0,0.0,0.0,0.0,4.4,0.0,1.0,0
index_506,1.7,0.6,0.6,4.8,1.1,4.7,0.4,3.6,5.8,4.7,0
index_507,1.0,1.4,1.2,1.1,0.8,0.0,7.3,0.6,2.4,4.9,0
index_508,2.4,2.2,1.4,6.1,6.3,1.2,2.1,3.5,6.6,0.0,0
index_509,5.7,18.3,8.1,0.1,0.0,0.0,0.0,0.0,0.0,7.5,0
index_510,0.3,2.4,5.1,6.1,1.0,0.0,0.0,0.0,0.0,2.7,0
index_511,1.0,1.0,0.0,0.0,0.0,0.0,3.6,2.4,1.8,0.0,0
index_512,0.0,4.7,11.4,6.9,8.6,28.3,0.9,0.8,1.2,6.7,1
index_513,4.0,0.0,0.0,0.0,1.9,4.1,0.0,0.0,0.0,13.5,0
index_514,1.0,0.0,2.3,0.4,0.0,0.0,0.0,0.0,0.0,8.9,0
index_515,2.7,0.3,1.2,17.1,0.1,0.0,16.2,1.4,0.3,5.5,0
index_516,1.3,0.0,5.2,15.7,1.2,0.0,0.8,1.8,0.0,0.0,0
index_517,0.0,3.8,1.9,1.6,2.3,1.3,0.1,0.3,7.0,4.1,0
index_518,9.7,2.9,0.0,2.1,0.8,0.0,0.0,0.6,0.0,11.7,0
index_519,31.7,1.9,0.1,2.4,0.8,2.8,1.4,4.2,6.9,17.3,1
index_520,6.2,1.3,0.9,0.0,0.0,0.0,0.7,2.3,0.0,9.4,0
index_521,1.6,1.2,0.3,0.0,1.3,1.2,0.0,1.8,28.1,8.2,0
index_522,16.3,2.3,2.2,2.8,1.8,0.4,20.6,10.5,1.5,4.6,1
index_523,2.7,1.3,0.0,0.0,0.0,0.0,0.0,0.0,0.0,6.9,0
index_524,2.0,27.7,13.2,20.9,7.5,1.9,0.8,3.8,1.9,2.7,1
index_525,0.1,0.0,2.8,4.8,0.0,8.5,0.0,2.5,0.9,2.0,0
index_526,5.9,1.1,0.3,0.1,0.0,1.1,0.0,0.0,0.0,0.0,0
index_527,0.0,0.0,0.0,0.0,0.0,0.0,1.4,4.4,16.7,6.1,0
index_528,4.7,8.0,10.1,6.8,3.8,0.2,0.0,0.6,4.2,0.2,0
index_529,0.5,2.4,10.9,6.4,7.2,5.7,3.9,0.1,1.4,3.0,0
index_530,3.6,5.1,5.5,13.6,12.6,7.1,0.6,13.7,16.4,3.4,1
index_531,2.3,5.1,2.8,0.0,0.0,0.6,0.0,0.0,0.0,0.0,0
index_532,0.0,5.2,8.8,0.0,6.8,8.7,8.0,3.8,1.4,4.4,0
index_533,0.0,0.0,0.9,6.2,6.4,3.6,21.6,9.0,7.4,9.2,1
index_534,6.2,5.4,17.2,9.7,8.0,7.5,11.3,0.0,5.3,5.6,1
index_535,5.1,0.2,0.0,0.0,0.0,0.0,0.0,0.0,0.0,0.0,0
index_536,0.0,0.0,0.0,0.0,0.0,0.0,0.0,0.0,0.7,0.8,0
index_537,1.9,0.0,0.0,1.7,0.0,0.0,0.0,0.0,0.0,0.0,0
index_538,0.0,0.0,0.0,0.0,0.0,0.0,0.0,1.6,7.4,2.0,0
index_539,0.0,1.2,1.3,0.0,0.0,0.0,0.5,2.2,7.0,3.7,0
index_540,3.0,3.7,2.2,0.2,2.7,18.2,7.1,0.1,2.5,2.9,0
index_541,3.6,1.2,0.0,0.0,0.0,0.0,0.0,0.6,0.0,0.3,0
index_542,2.6,0.0,0.0,4.3,0.3,7.9,12.4,5.7,9.9,0.6,0
index_543,8.2,9.4,0.1,1.4,5.9,0.7,0.0,0.0,11.6,1.0,0
index_544,8.8,5.5,0.4,2.4,0.6,0.0,0.3,1.8,4.8,5.6,0
index_545,4.4,0.3,10.6,10.7,0.7,10.8,0.0,0.0,0.0,0.0,0
index_546,0.0,0.0,3.8,0.1,0.3,4.5,0.0,5.0,3.8,12.2,0
index_547,6.0,0.7,0.4,0.1,0.5,0.3,0.0,0.0,0.0,0.0,0
index_548,0.0,2.5,2.5,3.3,11.4,5.2,0.0,0.0,9.2,3.9,0
index_549,1.5,6.3,23.7,8.5,1.3,7.3,0.9,0.4,3.7,0.9,0
index_550,10.5,6.1,16.6,2.9,2.8,0.0,0.0,0.0,0.0,0.0,0
index_551,0.0,0.0,0.0,0.5,1.2,0.0,0.4,4.7,1.2,3.0,0
index_552,11.3,32.0,0.0,0.0,0.0,6.5,0.8,0.0,0.0,0.0,0
index_553,0.0,4.8,5.1,0.0,0.0,8.2,6.8,1.2,0.0,0.1,0
index_554,8.4,0.1,8.0,7.0,1.2,0.6,0.0,0.0,3.8,0.0,0
index_555,2.7,1.8,1.7,0.1,0.0,0.8,1.0,0.7,3.3,21.5,0
index_556,1.4,0.2,5.8,0.3,0.9,6.9,9.3,9.4,4.8,3.1,0
index_557,1.4,3.3,2.8,1.6,2.5,0.1,0.0,0.4,2.6,1.8,0
index_558,7.0,2.3,7.2,4.0,16.8,0.3,9.4,17.3,1.4,1.2,1
index_559,0.1,11.6,2.8,5.1,1.7,0.8,2.0,6.7,1.5,0.0,0
index_560,0.0,0.0,3.7,7.3,0.0,1.0,24.3,0.0,0.0,0.0,0
index_561,0.0,0.0,0.0,0.0,4.9,0.5,0.5,0.0,0.0,0.0,0
index_562,0.6,2.7,0.0,0.0,5.3,0.0,0.9,11.3,5.6,5.5,0
index_563,15.2,4.6,2.2,1.7,0.0,0.0,0.0,1.9,0.5,15.0,0
index_564,0.3,0.0,0.0,0.0,1.7,0.0,6.0,3.4,4.1,1.0,0
index_565,0.4,0.0,0.0,2.2,6.9,44.1,1.8,12.3,5.9,1.7,1
index_566,3.0,0.1,11.2,14.3,8.0,6.6,9.8,3.4,6.6,18.2,1
index_567,9.9,3.6,5.2,11.4,0.3,1.6,7.2,9.7,4.6,0.5,0
index_568,1.3,0.0,4.9,6.9,0.0,0.0,0.0,0.0,5.5,8.1,0
index_569,6.4,5.3,6.1,6.0,3.5,6.9,5.6,0.1,1.3,5.2,0
index_570,0.1,10.9,4.4,0.0,0.0,0.0,0.0,0.0,0.0,0.0,0
index_571,0.0,0.0,0.0,0.0,0.0,1.5,6.5,2.0,2.1,21.7,0
index_572,12.8,6.6,0.8,0.1,3.5,0.9,5.9,5.9,1.9,3.1,0
index_573,4.5,1.4,0.0,2.0,15.1,2.2,0.0,13.6,3.2,2.4,0
index_574,2.8,7.0,10.2,0.2,5.1,7.8,4.3,5.7,4.8,5.3,0
index_575,2.8,13.4,8.4,2.6,1.0,0.0,0.0,0.0,5.7,0.0,0
index_576,4.9,1.4,1.6,4.3,2.2,0.0,0.0,2.3,0.0,0.0,0
index_577,0.0,1.9,0.0,4.1,1.8,0.3,11.4,5.2,1.4,1.5,0
index_578,1.6,1.0,10.2,0.5,0.0,0.3,12.2,3.8,0.0,0.0,0
index_579,5.6,12.2,4.2,6.3,0.0,4.1,1.1,11.5,0.0,0.0,0
index_580,3.5,1.3,1.0,18.1,2.1,9.4,0.0,6.8,8.3,0.0,0
index_581,1.1,0.1,0.0,0.0,0.0,5.1,3.6,7.6,1.2,7.0,0
index_582,0.0,1.3,5.8,0.8,3.9,5.1,0.0,0.0,8.5,1.5,0
index_583,7.5,0.0,2.7,9.0,0.0,5.4,5.5,0.0,0.0,0.0,0
index_584,0.0,0.0,0.0,0.0,0.0,0.0,7.0,7.4,4.4,0.0,0
index_585,0.0,1.3,0.0,0.0,0.0,7.7,3.4,0.0,0.0,3.0,0
index_586,0.6,12.5,2.9,0.0,0.0,4.1,1.3,3.0,3.6,21.7,0
index_587,0.0,1.1,0.7,0.0,2.4,1.5,0.0,2.5,0.0,0.0,0
index_588,2.7,0.3,19.8,0.8,1.6,1.4,1.3,8.9,2.0,0.0,0
index_589,0.0,0.0,0.0,0.0,0.0,3.0,6.8,1.0,2.0,0.0,0
index_590,2.3,3.8,1.9,1.6,4.8,0.0,1.2,0.0,0.9,2.2,0
index_591,1.1,0.5,14.2,7.5,0.0,11.7,0.0,0.0,0.0,0.2,0
index_592,12.2,3.4,2.0,7.0,9.2,0.0,0.0,0.0,0.0,0.0,0
index_593,0.0,0.0,5.8,0.8,0.0,0.1,11.8,0.1,20.2,0.2,0
index_594,0.9,0.0,0.0,1.3,14.2,3.0,3.2,6.1,1.0,7.3,0
index_595,0.0,6.8,1.6,0.0,0.0,0.0,0.0,0.0,0.0,0.0,0
index_596,0.0,0.0,2.1,0.0,4.3,4.0,0.3,9.5,3.6,0.0,0
index_597,2.3,3.0,0.0,1.7,7.6,6.1,1.0,4.9,3.6,0.0,0
index_598,0.0,12.3,4.3,0.3,2.1,2.2,0.4,0.0,0.0,0.0,0
index_599,1.6,1.1,0.0,0.0,0.0,2.7,0.0,0.3,1.0,14.9,0
index_600,3.6,0.3,0.8,4.4,1.6,1.2,9.9,5.1,0.9,2.5,0
index_601,2.8,2.0,0.5,0.0,0.0,3.8,0.0,0.0,0.0,6.7,0
index_602,4.2,1.4,4.5,1.3,2.7,6.6,9.5,16.2,4.5,0.1,0
index_603,2.7,1.4,0.4,8.0,6.4,7.5,5.4,8.1,1.8,6.9,0
index_604,7.8,3.5,0.4,0.0,2.0,0.4,0.0,2.4,1.1,9.1,0
index_605,0.0,2.4,10.1,2.6,7.3,0.3,1.9,3.8,0.0,0.0,0
index_606,0.0,0.0,2.8,1.8,0.4,0.0,1.1,0.0,0.0,0.3,0
index_607,1.2,0.0,0.4,0.8,0.5,9.9,1.7,1.3,3.1,5.6,0
index_608,8.5,6.1,1.5,6.3,4.9,6.2,5.7,4.3,5.7,1.6,0
index_609,1.5,1.1,0.0,0.8,17.1,0.0,0.0,0.0,0.0,0.0,0
index_610,0.0,0.0,0.0,6.8,4.0,8.4,11.7,3.1,6.2,2.4,0
index_611,14.1,1.4,4.3,5.8,10.8,4.0,3.3,3.8,0.0,1.2,0
index_612,2.4,0.7,15.7,7.2,0.0,8.1,6.0,2.7,7.2,0.6,0
index_613,0.9,0.8,1.8,0.0,0.0,0.0,0.0,0.0,2.5,2.4,0
index_614,2.7,6.0,3.4,2.7,3.7,1.0,1.2,6.0,10.6,0.4,0
index_615,0.0,0.7,0.0,0.0,0.0,0.0,0.0,0.0,0.0,0.0,0
index_616,0.0,0.0,0.0,0.0,0.0,0.0,1.7,3.1,5.9,8.1,0
index_617,6.9,0.9,0.0,0.0,0.0,0.0,0.0,2.8,1.3,1.4,0
index_618,9.8,4.7,2.7,0.1,2.5,0.0,0.0,0.0,0.0,0.0,0
index_619,0.0,0.0,0.0,0.0,0.0,19.5,6.7,10.6,27.1,4.0,1
index_620,8.5,2.2,1.2,5.4,0.0,3.9,0.5,0.0,6.1,0.0,0
index_621,2.9,0.4,0.0,2.2,0.0,0.4,0.0,0.0,0.0,0.0,0
index_622,0.0,0.0,0.0,0.0,0.0,0.0,0.0,1.5,0.9,10.5,0
index_623,6.7,3.3,3.9,2.4,0.0,0.4,1.3,0.0,0.5,0.8,0
index_624,2.2,2.0,0.0,6.7,6.0,2.3,0.0,0.0,1.1,0.2,0
index_625,0.0,18.1,0.6,7.3,1.4,6.0,0.4,0.0,0.0,0.0,0
index_626,0.0,9.7,0.9,1.2,0.0,1.1,2.7,4.7,0.2,0.0,0
index_627,0.4,1.7,0.5,1.2,9.1,7.2,0.6,1.2,8.0,2.3,0
index_628,1.8,0.6,3.5,0.0,10.6,3.6,20.1,1.0,0.0,0.0,0
index_629,0.1,0.0,3.1,2.7,3.5,0.0,0.0,0.0,0.1,2.9,0
index_630,0.9,0.8,7.6,9.4,8.3,10.1,1.9,0.1,0.0,12.0,0
index_631,1.7,0.0,0.0,0.0,0.0,2.7,11.1,0.1,5.1,3.9,0
index_632,0.2,0.0,2.5,0.8,5.7,0.0,5.1,6.8,5.3,7.6,0
index_633,8.8,5.0,6.6,7.4,0.3,3.4,6.4,4.9,27.1,3.3,1
index_634,1.8,8.3,3.2,7.3,8.0,4.8,3.7,1.5,5.4,4.6,0
index_635,2.5,0.0,5.6,1.5,8.1,4.2,4.8,11.4,1.7,3.8,0
index_636,15.0,16.2,14.6,1.4,0.0,1.7,3.4,6.3,0.0,2.6,1
index_637,2.4,2.6,0.0,4.7,8.2,5.6,1.1,0.0,0.0,0.0,0
index_638,1.6,0.0,0.0,0.0,0.2,6.7,1.4,9.9,3.7,7.0,0
index_639,15.8,1.7,0.6,0.5,0.0,0.0,2.2,3.8,2.7,4.3,0
index_640,0.0,0.1,0.0,0.4,0.4,1.0,1.6,0.0,3.5,6.3,0
index_641,1.3,3.9,6.1,7.9,7.4,2.2,3.0,2.3,4.5,2.1,0
index_642,2.1,8.7,4.9,2.1,8.4,5.3,8.8,4.5,2.9,3.0,0
index_643,15.9,0.0,0.0,5.9,11.7,10.8,2.3,9.4,5.3,3.4,1
index_644,0.1,0.0,0.0,0.0,0.0,0.0,0.2,1.1,2.2,2.4,0
index_645,0.0,4.9,7.8,2.2,6.8,5.4,8.4,5.2,4.6,1.1,0
index_646,0.8,0.0,1.2,4.1,5.9,0.2,0.0,0.0,0.0,0.0,0
index_647,0.0,0.0,0.0,0.0,0.0,0.0,1.4,0.0,0.0,0.0,0
index_648,0.0,1.2,0.3,0.0,4.9,0.0,0.5,0.0,0.0,0.0,0
index_649,0.0,0.0,0.0,0.0,2.1,3.6,10.1,3.3,4.6,5.4,0
index_650,3.7,4.6,3.5,4.4,11.8,4.7,4.0,3.6,0.1,0.0,0
index_651,0.3,0.2,3.1,4.4,0.4,6.1,4.1,1.7,1.5,0.1,0
index_652,0.0,0.0,0.0,0.0,0.0,0.0,0.0,0.0,1.9,0.6,0
index_653,0.2,0.4,3.0,0.0,4.2,1.4,0.0,0.0,2.3,3.6,0
index_654,2.5,6.5,0.9,0.1,0.0,0.0,7.0,0.6,1.1,0.0,0
index_655,0.0,0.0,3.5,7.8,2.6,2.9,8.4,1.5,0.0,0.0,0
index_656,0.0,0.0,0.0,0.0,0.0,0.0,0.0,0.8,0.0,0.0,0
index_657,0.4,0.0,0.0,1.3,2.2,0.0,0.0,0.3,0.0,1.6,0
index_658,1.1,0.8,0.0,0.0,0.0,0.0,0.0,0.0,0.0,0.0,0
index_659,0.0,0.3,1.6,2.2,2.9,3.9,12.7,2.5,2.9,1.9,0
index_660,4.8,14.1,7.7,7.5,0.0,0.0,3.0,1.8,0.0,0.0,0
index_661,0.0,0.0,0.0,0.0,1.1,1.8,0.0,12.1,0.0,1.8,0
index_662,9.4,2.3,0.0,0.0,0.0,0.0,0.0,0.0,0.0,0.0,0
index_663,0.0,0.0,0.0,0.0,2.3,0.9,0.0,0.0,0.0,0.0,0
index_664,16.7,1.1,0.0,0.0,0.0,0.0,0.0,1.9,1.1,54.8,1
index_665,0.3,0.0,1.3,21.1,24.8,0.0,6.6,0.1,0.0,0.0,0
index_666,0.0,0.0,0.0,0.0,0.0,7.0,4.9,1.5,0.9,0.0,0
index_667,2.7,0.0,0.0,5.8,5.2,19.4,0.8,11.1,0.0,0.2,0
index_668,0.0,0.0,0.0,0.0,5.9,15.3,6.4,5.6,4.2,8.1,0
index_669,3.6,1.0,11.8,6.9,7.4,2.2,3.2,8.9,4.1,0.9,0
index_670,0.4,0.3,0.0,5.7,6.4,7.4,27.9,0.6,5.6,3.5,1
index_671,3.6,4.5,0.3,5.9,4.0,1.0,0.0,0.0,0.0,1.6,0
index_672,0.0,0.0,5.5,1.9,17.6,11.1,2.6,22.8,24.7,0.0,1
index_673,0.0,3.1,0.0,2.0,0.0,1.0,22.6,6.2,2.3,11.0,0
index_674,0.0,0.0,0.0,0.0,0.0,0.0,4.0,2.1,11.0,6.4,0
index_675,7.6,2.7,0.5,0.0,2.3,0.0,0.0,0.6,3.1,0.1,0
index_676,3.6,0.1,0.3,0.0,0.0,0.7,2.2,0.1,8.0,24.4,0
index_677,7.3,11.0,9.0,4.1,2.9,0.1,16.2,1.0,11.2,4.5,1
index_678,18.1,34.5,0.0,0.3,0.3,0.3,0.1,0.6,0.5,0.4,1
index_679,0.6,1.7,0.9,0.1,1.9,2.3,6.8,22.6,0.0,8.1,0
index_680,1.7,7.0,4.6,4.6,7.0,14.3,6.4,14.1,14.0,0.6,1
index_681,1.3,3.4,1.7,0.5,6.4,5.2,0.2,0.9,3.8,6.7,0
index_682,5.7,3.1,0.6,0.0,5.0,4.8,0.1,2.2,8.7,0.5,0
index_683,5.5,0.0,2.1,2.8,0.2,0.0,0.0,0.0,0.0,0.0,0
index_684,0.0,1.3,0.0,0.9,0.0,0.0,0.0,0.0,0.0,0.0,0
index_685,0.0,0.0,0.0,0.0,0.0,0.0,0.0,0.1,11.8,0.1,0
index_686,0.0,0.1,0.0,1.1,1.3,4.8,0.5,0.0,0.0,0.0,0
index_687,0.0,0.0,0.0,0.0,0.4,0.3,5.7,4.5,1.6,0.0,0
index_688,0.0,0.0,0.0,0.0,0.0,0.0,10.0,0.0,6.7,6.1,0
index_689,1.3,3.0,1.6,0.0,13.1,0.1,0.8,0.0,18.2,4.4,0
index_690,0.0,5.0,2.2,0.6,1.0,3.9,0.0,2.0,0.0,0.1,0
index_691,0.1,0.0,0.0,0.0,4.1,2.9,5.0,4.9,1.4,0.0,0
index_692,0.5,0.1,0.7,2.3,7.0,0.7,0.0,6.8,0.2,0.3,0
index_693,0.0,2.4,0.5,5.8,0.5,0.2,0.3,3.8,0.1,0.0,0
index_694,5.7,1.6,0.0,0.0,0.0,0.0,0.0,0.0,0.0,0.0,0
index_695,0.0,0.5,0.0,0.0,4.2,6.1,7.8,8.2,10.0,13.0,0
index_696,1.2,0.1,0.6,0.9,5.9,0.3,0.1,0.0,0.3,1.5,0
index_697,0.3,0.0,0.0,0.0,0.1,0.7,0.7,0.1,0.4,0.6,0
index_698,0.6,0.4,0.5,0.0,0.0,3.2,2.8,0.3,0.1,0.3,0
index_699,2.8,0.3,0.0,0.0,10.1,0.1,2.5,0.0,0.0,0.0,0
index_700,0.0,4.5,1.2,1.2,10.4,2.2,0.8,14.7,0.0,0.0,0
index_701,0.5,0.5,0.6,0.4,0.0,0.0,0.0,2.0,2.4,2.5,0
index_702,1.1,0.1,0.0,6.8,3.7,1.7,0.1,0.2,0.7,0.0,0
index_703,0.0,0.0,0.1,0.0,0.0,0.5,0.1,0.0,0.2,2.7,0
index_704,6.3,8.5,0.1,0.0,0.0,0.0,0.0,0.0,2.8,0.1,0
index_705,0.4,3.2,1.5,5.1,0.2,5.3,0.5,2.1,2.9,0.3,0
index_706,0.5,0.8,1.1,3.6,0.3,0.0,1.0,3.5,25.2,5.1,0
index_707,0.5,0.1,0.0,0.0,10.0,0.7,2.5,0.4,1.4,0.0,0
index_708,0.2,1.3,0.8,5.7,0.6,2.8,1.0,0.1,0.2,1.0,0
index_709,0.1,0.2,0.1,1.6,13.2,11.0,3.0,4.3,0.1,9.9,0
index_710,14.6,5.4,0.7,11.9,1.4,8.0,3.3,12.1,2.6,1.2,1
index_711,1.8,4.2,7.3,8.3,0.1,0.1,0.0,0.3,0.6,1.4,0
index_712,0.3,0.2,3.0,1.5,17.6,6.6,7.3,0.5,1.0,0.3,0
index_713,0.2,2.1,2.1,3.1,5.1,13.2,7.0,1.4,11.9,0.6,0
index_714,22.9,2.7,15.3,12.8,2.5,2.9,4.5,2.7,0.0,0.0,1
index_715,0.1,0.1,0.0,0.0,1.5,1.8,0.1,0.1,1.4,0.1,0
index_716,0.1,0.8,1.5,1.4,0.6,0.2,2.7,0.6,0.1,1.6,0
index_717,5.8,3.3,1.4,9.2,0.8,2.0,4.2,5.1,1.4,0.3,0
index_718,0.5,2.6,0.1,0.1,5.0,3.4,7.8,10.2,2.1,1.5,0
index_719,7.3,16.8,6.8,8.0,1.3,0.0,0.0,0.0,9.4,2.7,0
index_720,15.8,3.2,17.8,14.5,7.3,3.1,0.0,1.1,2.3,1.3,1
index_721,1.1,0.9,1.2,0.5,1.2,3.4,0.3,3.2,0.3,3.8,0
index_722,4.5,2.1,7.7,3.6,0.1,0.0,0.0,0.0,2.8,3.0,0
index_723,0.4,0.6,3.1,3.1,0.3,0.1,0.6,0.0,0.0,0.1,0
index_724,1.3,1.3,6.0,0.4,1.0,2.4,0.6,0.4,2.3,0.3,0
index_725,0.6,0.5,0.3,0.0,4.6,0.1,4.3,6.8,6.9,6.1,0
index_726,3.9,3.6,3.1,11.7,11.9,2.8,0.0,9.2,2.3,0.9,0
index_727,1.5,0.4,1.7,0.0,0.2,7.8,3.1,6.7,1.1,0.0,0
index_728,0.0,0.0,0.0,0.0,0.0,0.0,0.0,0.0,0.0,3.1,0
index_729,0.1,0.7,0.2,0.0,0.0,0.0,2.6,0.7,0.0,0.0,0
index_730,0.0,1.5,0.2,0.0,1.5,0.1,0.0,0.0,0.0,0.0,0
index_731,0.0,0.0,14.9,0.0,0.0,0.0,17.1,0.0,0.0,0.0,0
index_732,0.0,1.1,0.0,2.6,6.0,13.5,2.5,8.3,0.0,0.0,0
index_733,3.6,0.1,0.1,6.2,0.4,2.7,0.0,3.7,0.3,0.1,0
index_734,3.6,1.5,14.7,0.6,0.2,0.0,3.7,6.9,0.3,0.5,0
index_735,0.3,0.3,5.7,0.0,0.3,0.0,0.0,6.9,0.1,8.3,0
index_736,9.5,5.0,0.0,0.0,2.7,0.3,0.2,1.4,0.0,0.1,0
index_737,0.0,0.8,0.3,0.3,9.4,0.2,3.1,7.1,2.1,8.3,0
index_738,47.6,0.5,0.0,0.0,0.6,0.0,0.0,0.0,0.0,0.0,0
index_739,0.0,0.0,0.0,0.0,1.6,0.5,1.0,32.6,0.0,2.0,0
index_740,0.1,2.2,0.9,9.4,9.4,17.9,2.7,1.5,1.8,0.0,0
index_741,3.2,1.2,12.5,7.5,0.3,7.8,0.0,0.0,0.0,0.1,0
index_742,0.3,7.7,8.0,1.8,0.9,7.9,0.3,1.4,0.3,0.7,0
index_743,6.1,4.3,5.7,0.4,0.0,0.2,0.0,0.1,0.0,0.0,0
index_744,11.1,2.1,0.6,0.0,0.2,3.0,0.5,0.0,0.9,1.7,0
index_745,29.5,3.3,11.6,21.7,2.9,14.8,12.8,4.3,8.2,6.1,1
index_746,2.2,1.6,14.2,2.3,1.8,0.0,10.7,14.0,3.5,5.2,1
index_747,4.0,1.6,17.1,4.7,3.6,3.2,3.6,1.2,4.2,11.6,0
index_748,11.0,18.5,0.4,1.2,13.8,4.5,0.3,0.9,5.4,8.5,1
index_749,4.2,2.9,4.0,1.1,0.0,0.0,0.0,0.0,4.8,3.5,0
index_750,0.0,7.0,0.1,18.8,4.0,9.6,1.2,0.0,0.0,0.0,0
index_751,0.0,0.0,0.0,0.0,0.0,0.0,0.0,0.0,0.0,0.1,0
index_752,1.0,0.4,0.0,0.1,0.1,0.1,3.3,4.4,0.1,7.1,0
index_753,5.5,4.6,9.8,8.2,5.3,8.8,9.6,3.4,1.0,0.0,1
index_754,0.0,0.0,0.0,0.3,3.4,0.1,7.0,3.2,0.5,0.0,0
index_755,0.0,0.0,0.0,0.0,0.0,0.0,0.0,0.0,0.0,0.0,0
index_756,0.0,0.0,0.8,0.0,0.0,0.0,3.7,18.9,0.8,0.0,0
index_757,0.0,4.7,0.0,0.0,0.0,15.6,1.5,0.0,3.7,0.0,0
index_758,0.0,0.0,0.0,0.0,0.0,0.0,0.0,0.0,0.0,0.0,0
index_759,0.0,0.3,0.0,21.7,7.9,9.0,13.0,0.8,0.0,1.6,0
index_760,2.9,7.0,3.3,0.5,0.0,4.0,0.8,0.0,5.1,5.3,0
index_761,0.0,0.0,0.0,0.0,0.0,0.0,0.0,0.0,0.0,0.0,0
index_762,0.0,0.0,0.0,0.0,0.0,0.3,1.7,17.6,0.1,1.9,0
index_763,4.7,0.0,0.0,0.4,0.3,0.0,7.0,8.1,1.9,11.3,0
index_764,0.0,0.1,0.0,0.0,1.6,2.0,0.1,0.4,4.3,0.1,0
index_765,0.1,0.0,0.0,0.0,0.0,0.0,0.0,0.0,3.6,0.0,0
index_766,0.0,0.0,6.9,0.0,7.2,6.6,2.3,6.2,1.6,3.1,0
index_767,2.1,5.4,0.0,0.0,0.0,0.0,0.0,0.0,5.7,5.9,0
index_768,0.0,0.0,0.0,0.0,0.1,0.9,0.6,0.0,0.1,0.0,0
index_769,3.2,0.6,0.0,9.4,2.0,0.0,7.9,12.1,0.1,0.2,0
index_770,0.3,0.5,8.6,2.9,1.3,0.6,2.0,0.1,5.9,0.0,0
index_771,3.7,0.0,2.6,1.6,10.6,5.0,0.8,2.8,3.4,0.1,0
index_772,1.0,6.9,0.0,0.0,0.0,0.1,4.5,8.1,0.0,0.2,0
index_773,0.7,7.9,2.2,13.2,6.0,3.6,7.8,1.0,0.1,0.1,0
index_774,0.9,1.8,0.2,0.1,1.1,0.0,4.2,2.4,6.5,20.1,0
index_775,1.1,1.6,0.0,1.2,2.0,4.3,5.7,9.5,1.1,0.3,0
index_776,9.2,0.6,1.9,0.0,0.2,0.1,0.1,0.0,0.0,0.0,0
index_777,0.8,2.9,3.5,0.0,1.0,0.1,0.0,8.9,1.1,0.0,0
index_778,0.0,2.6,0.8,1.1,2.3,5.0,0.0,0.0,0.0,0.0,0
index_779,0.0,0.0,0.0,0.0,0.0,0.0,1.8,1.7,2.6,0.4,0
index_780,5.6,5.9,3.1,0.6,0.5,0.0,0.0,2.5,11.2,6.6,0
index_781,2.6,1.2,6.1,8.5,6.0,10.2,11.3,0.0,0.0,0.0,0
index_782,0.0,5.1,1.2,12.5,13.4,0.2,1.2,3.9,0.1,0.2,0
index_783,1.3,0.0,6.2,0.6,2.2,0.0,0.0,0.0,0.0,0.0,0
index_784,0.0,0.0,0.7,0.1,0.0,0.0,0.0,0.0,0.0,0.1,0
index_785,4.6,4.6,0.3,0.4,0.0,3.0,1.9,4.7,5.8,9.1,0
index_786,1.2,2.2,1.1,7.1,1.3,0.7,0.0,0.4,2.7,0.0,0
index_787,0.1,2.5,0.0,0.0,0.0,0.0,0.0,0.0,0.0,0.0,0
index_788,0.0,0.1,0.0,0.0,0.0,0.0,0.0,0.0,0.0,5.8,0
index_789,0.1,0.0,0.8,3.2,0.0,0.0,0.3,0.0,0.7,0.1,0
index_790,0.0,0.0,0.0,0.0,0.7,0.0,0.0,0.0,0.0,0.0,0
index_791,0.0,0.0,0.0,2.2,1.6,0.1,0.0,0.0,6.0,0.1,0
index_792,3.4,9.9,1.6,0.3,0.0,0.0,0.0,0.0,0.0,0.0,0
index_793,0.0,0.0,0.0,0.0,0.0,0.0,0.4,0.0,0.0,7.3,0
index_794,3.6,9.5,2.5,0.0,0.0,2.2,1.9,21.5,3.4,2.0,0
index_795,8.6,0.9,10.3,9.5,11.2,18.7,13.8,2.8,0.5,0.0,1
index_796,0.0,0.0,8.5,1.9,16.8,3.3,1.1,0.2,0.2,0.0,0
index_797,0.0,5.7,3.0,11.0,9.4,2.7,5.8,9.3,11.3,2.3,1
index_798,10.5,4.2,3.2,2.5,10.2,10.4,7.5,5.0,1.0,0.3,0
index_799,0.0,0.0,0.0,0.5,2.0,0.0,5.0,0.0,0.0,7.1,0
index_800,0.8,19.9,0.0,18.2,3.8,27.7,12.5,4.0,4.0,0.2,1
index_801,0.0,0.0,0.0,0.0,0.0,0.0,0.0,0.5,1.7,5.0,0
index_802,2.3,0.0,0.0,9.1,8.0,4.2,4.7,6.3,0.1,0.6,0
index_803,9.9,11.3,8.0,1.1,5.4,7.1,3.2,0.7,0.2,0.9,0
index_804,1.4,0.0,6.5,1.5,6.1,5.0,2.5,6.5,5.3,5.4,0
index_805,6.5,0.3,18.3,0.0,2.7,0.0,2.9,2.1,5.2,10.3,0
index_806,10.7,2.6,0.0,7.0,8.1,18.8,2.3,8.8,1.5,4.5,1
index_807,1.0,0.0,0.0,0.0,0.0,0.0,0.1,0.0,0.0,0.0,0
index_808,0.0,0.0,0.0,0.0,0.2,0.1,0.0,0.0,0.0,0.0,0
index_809,0.0,0.0,0.0,11.2,0.8,0.5,12.7,11.7,0.5,4.1,0
index_810,2.4,0.3,3.5,12.0,1.7,0.1,4.8,0.0,0.0,0.0,0
index_811,0.0,0.0,0.5,0.2,1.6,6.4,14.4,5.1,4.4,0.1,0
index_812,0.3,0.2,1.5,0.6,0.2,0.2,7.0,0.8,0.2,0.0,0
index_813,0.0,0.0,0.0,2.1,0.4,0.2,0.7,4.7,0.2,0.2,0
index_814,2.5,1.8,0.3,4.0,0.0,0.0,0.0,0.0,0.0,3.9,0
index_815,0.7,0.0,0.0,3.5,8.4,23.7,10.2,2.0,0.0,0.5,0
index_816,4.9,0.0,0.0,1.8,0.6,0.6,0.2,6.4,2.8,0.4,0
index_817,14.6,0.1,0.0,8.2,2.5,1.1,0.5,1.9,0.8,0.0,0
index_818,0.0,0.0,0.0,0.0,0.0,8.1,9.5,1.9,0.1,0.0,0
index_819,0.0,0.0,0.0,0.0,0.0,0.0,8.7,3.6,0.1,0.0,0
index_820,0.0,0.0,0.0,0.0,0.0,0.0,0.0,0.0,0.0,0.0,0
index_821,0.0,0.0,0.0,0.0,0.0,1.8,4.8,0.0,0.0,2.4,0
index_822,0.0,0.0,0.0,5.2,1.6,13.1,1.4,0.0,8.4,0.4,0
index_823,0.2,9.9,4.8,0.0,0.0,2.0,0.4,1.2,1.8,0.5,0
index_824,0.0,0.0,0.0,2.7,0.0,0.0,0.5,0.7,5.9,8.0,0
index_825,7.4,12.4,0.4,3.8,2.7,1.8,6.9,2.5,2.8,1.3,0
index_826,0.8,20.0,1.8,0.0,0.0,1.2,1.3,0.0,1.2,1.2,0
index_827,0.9,1.3,3.8,0.6,2.8,4.5,8.2,19.7,0.9,0.7,0
index_828,0.0,0.0,0.0,13.7,4.7,5.2,3.2,15.1,0.8,5.9,0
index_829,0.0,2.3,12.0,3.2,3.6,2.0,0.1,2.5,0.8,1.5,0
index_830,9.3,1.2,11.9,3.8,2.5,6.7,15.7,0.6,0.0,36.0,1
index_831,10.3,13.9,4.1,15.8,9.4,16.7,8.0,5.4,0.3,0.1,1
index_832,9.5,1.0,3.6,13.8,0.5,9.2,0.0,0.0,0.0,4.7,0
index_833,5.1,20.5,1.6,7.1,1.2,1.0,4.5,1.6,1.1,0.0,0
index_834,0.4,0.0,0.0,0.0,7.7,8.3,0.6,0.0,0.0,0.0,0
index_835,0.0,2.8,0.0,3.4,1.3,1.3,17.8,2.9,8.3,2.8,0
index_836,0.8,0.0,0.0,0.8,2.7,0.5,1.6,0.0,0.0,2.1,0
index_837,2.9,1.1,6.9,2.8,3.5,0.7,1.2,0.0,0.0,7.0,0
index_838,0.7,0.5,0.5,0.0,0.0,0.5,5.2,3.7,0.0,0.0,0
index_839,3.1,7.4,8.6,0.0,2.7,0.0,0.0,0.5,0.0,0.0,0
index_840,0.0,0.0,0.0,0.0,0.0,0.0,0.0,0.0,0.0,26.1,0
index_841,0.0,0.0,0.0,0.0,0.0,0.0,0.0,0.0,26.7,0.8,0
index_842,0.9,0.5,0.8,0.0,0.0,2.2,2.8,0.0,1.4,1.5,0
index_843,3.2,2.5,0.0,4.6,0.0,0.0,0.0,2.7,1.2,4.5,0
index_844,0.0,0.0,0.0,1.4,1.4,0.5,0.0,0.0,0.8,0.8,0
index_845,0.8,0.8,0.8,0.0,0.0,0.0,0.0,0.0,0.0,0.0,0
index_846,0.0,0.0,0.0,1.1,4.9,14.7,9.4,7.9,0.0,0.0,0
index_847,0.0,0.0,5.0,7.8,17.9,0.0,0.0,17.1,15.7,6.7,1
index_848,2.5,6.7,2.0,1.9,5.7,5.5,0.0,3.3,1.4,0.0,0
index_849,9.2,11.9,2.5,5.6,0.1,0.1,0.2,8.4,0.0,0.8,0
index_850,3.3,0.9,10.6,14.0,4.8,6.5,5.4,3.3,3.9,2.5,1
index_851,6.1,5.0,3.6,4.7,10.0,16.6,3.2,6.2,3.0,0.0,1
index_852,3.3,0.0,0.0,0.0,3.0,14.5,4.2,10.8,5.1,6.9,0
index_853,4.7,8.0,1.3,0.4,14.3,4.6,5.6,1.1,0.0,0.9,0
index_854,2.9,0.0,0.0,0.1,0.1,0.0,14.9,1.2,0.0,5.6,0
index_855,5.4,11.1,13.0,8.5,23.2,5.1,5.3,0.0,11.2,3.1,1
index_856,7.2,0.0,0.0,0.3,0.0,0.0,1.0,0.0,0.0,0.0,0
index_857,0.0,0.0,0.0,1.0,3.5,0.0,0.0,0.0,0.0,5.0,0
index_858,2.6,2.7,1.1,1.5,3.9,0.0,0.0,0.0,0.0,0.0,0
index_859,0.0,0.0,0.0,5.4,4.6,2.0,0.6,7.0,6.2,6.5,0
index_860,5.6,8.8,7.9,4.1,10.9,2.7,6.2,2.0,3.7,0.0,0
index_861,5.3,5.2,6.9,1.0,0.4,1.4,6.8,5.2,7.9,2.7,0
index_862,3.2,0.3,0.3,0.3,0.3,3.7,0.0,0.0,2.3,0.0,0
index_863,0.9,0.8,0.0,0.0,0.0,10.1,0.9,0.0,1.5,0.0,0
index_864,6.2,1.7,0.8,0.8,1.3,0.0,0.0,0.2,5.9,8.3,0
index_865,0.0,5.9,13.8,8.4,5.8,5.5,1.7,0.8,5.1,12.5,1
index_866,0.6,6.4,0.0,0.0,0.0,0.7,0.6,1.0,0.0,0.0,0
index_867,0.0,0.0,0.0,0.8,0.0,14.3,7.1,0.0,0.0,0.0,0
index_868,1.6,1.1,0.4,0.0,29.1,0.0,5.7,5.3,0.0,6.4,0
index_869,0.0,0.0,0.0,0.0,0.0,0.0,0.0,0.0,0.0,0.3,0
index_870,0.0,0.0,9.4,2.1,0.8,3.3,0.0,0.3,0.7,0.1,0
index_871,0.0,0.0,0.0,0.0,1.0,0.0,0.0,0.0,0.0,0.0,0
index_872,0.0,0.0,0.0,0.0,0.0,0.0,0.0,2.5,0.0,0.0,0
index_873,0.2,0.4,0.2,0.9,4.7,0.9,0.2,0.0,2.9,0.0,0
index_874,0.0,0.0,0.0,0.0,0.0,0.0,0.0,0.0,0.0,0.9,0
index_875,23.7,5.9,7.2,6.3,0.5,3.6,1.4,11.1,1.0,0.0,1
index_876,0.0,0.3,0.0,0.0,0.0,0.0,2.8,16.9,15.8,10.6,0
index_877,1.8,1.8,2.2,13.4,1.9,0.8,0.0,0.4,3.5,2.9,0
index_878,14.0,8.5,4.9,15.9,5.6,5.3,0.5,1.7,10.7,0.7,1
index_879,0.0,0.5,4.4,0.8,0.2,2.9,4.6,0.0,6.9,19.5,0
index_880,4.7,0.0,5.5,3.8,36.0,11.6,5.0,23.5,2.2,8.2,1
index_881,18.9,10.8,3.1,6.2,1.2,2.9,11.9,0.0,2.7,2.0,1
index_882,0.0,0.5,0.5,1.5,0.0,3.1,1.5,2.9,0.5,0.0,0
index_883,0.0,0.0,0.0,0.0,3.3,1.3,0.0,3.7,0.0,0.0,0
index_884,0.0,0.0,0.0,0.0,0.8,0.0,0.3,0.0,0.0,0.0,0
index_885,6.0,11.2,14.6,6.5,1.9,0.0,1.0,0.6,0.0,0.4,0
index_886,0.0,10.0,0.0,0.0,2.8,32.0,0.0,3.0,11.4,4.1,1
index_887,29.3,3.2,4.8,6.0,2.1,9.4,9.2,0.0,2.1,12.3,1
index_888,13.5,0.6,9.3,1.7,0.5,0.7,2.1,0.0,7.1,0.5,0
index_889,0.0,0.0,2.0,0.0,0.0,0.0,0.0,0.0,1.6,2.6,0
index_890,0.2,0.0,0.0,0.0,0.0,0.0,0.0,0.0,6.2,0.5,0
index_891,7.8,6.7,0.0,0.9,0.8,4.6,0.0,0.0,0.0,0.0,0
index_892,0.0,3.7,6.7,0.0,0.0,0.0,0.0,0.0,0.0,0.7,0
index_893,0.0,1.2,0.4,6.8,0.7,2.0,12.8,3.9,2.8,0.8,0
index_894,1.6,0.0,0.0,0.0,0.0,0.0,0.0,0.0,0.0,0.0,0
index_895,0.0,0.0,8.3,0.0,0.0,0.0,0.0,0.0,0.0,0.0,0
index_896,0.0,0.0,2.1,2.2,0.0,0.0,0.0,3.7,0.0,0.0,0
index_897,0.0,1.7,0.0,1.6,0.5,0.2,0.0,0.0,0.6,7.4,0
index_898,5.1,0.0,0.0,0.0,0.0,2.3,1.8,0.0,3.1,4.4,0
index_899,1.9,2.3,0.0,1.1,0.2,0.2,0.0,0.0,0.0,0.0,0
index_900,0.0,0.0,0.0,0.0,0.0,0.0,0.0,0.0,0.0,1.3,0
index_901,4.5,0.0,10.5,6.0,0.0,0.0,2.5,0.0,1.6,0.0,0
index_902,0.0,0.6,0.0,0.0,0.0,0.0,0.0,0.0,7.0,1.2,0
index_903,0.4,0.0,8.3,0.0,2.6,0.0,10.2,0.0,0.0,7.6,0
index_904,0.5,5.3,14.8,2.6,41.2,6.4,0.0,0.0,4.3,0.4,1
index_905,2.6,5.3,3.5,0.0,3.6,14.6,0.0,1.3,2.3,0.7,0
index_906,1.2,0.0,10.4,0.7,2.6,1.6,0.0,4.2,2.9,0.0,0
